-- MySQL dump 10.13  Distrib 5.5.62, for Win64 (AMD64)
--
-- Host: localhost    Database: seafood
-- ------------------------------------------------------
-- Server version	5.7.23-log

/*!40101 SET @OLD_CHARACTER_SET_CLIENT=@@CHARACTER_SET_CLIENT */;
/*!40101 SET @OLD_CHARACTER_SET_RESULTS=@@CHARACTER_SET_RESULTS */;
/*!40101 SET @OLD_COLLATION_CONNECTION=@@COLLATION_CONNECTION */;
/*!40101 SET NAMES utf8 */;
/*!40103 SET @OLD_TIME_ZONE=@@TIME_ZONE */;
/*!40103 SET TIME_ZONE='+00:00' */;
/*!40014 SET @OLD_UNIQUE_CHECKS=@@UNIQUE_CHECKS, UNIQUE_CHECKS=0 */;
/*!40014 SET @OLD_FOREIGN_KEY_CHECKS=@@FOREIGN_KEY_CHECKS, FOREIGN_KEY_CHECKS=0 */;
/*!40101 SET @OLD_SQL_MODE=@@SQL_MODE, SQL_MODE='NO_AUTO_VALUE_ON_ZERO' */;
/*!40111 SET @OLD_SQL_NOTES=@@SQL_NOTES, SQL_NOTES=0 */;

--
-- Table structure for table `config`
--

DROP TABLE IF EXISTS `config`;
/*!40101 SET @saved_cs_client     = @@character_set_client */;
/*!40101 SET character_set_client = utf8 */;
CREATE TABLE `config` (
  `config_name` varchar(255) COLLATE utf8mb4_unicode_ci NOT NULL,
  `config_value` text COLLATE utf8mb4_unicode_ci,
  `created_at` timestamp NULL DEFAULT NULL,
  `updated_at` timestamp NULL DEFAULT NULL
) ENGINE=InnoDB DEFAULT CHARSET=utf8mb4 COLLATE=utf8mb4_unicode_ci;
/*!40101 SET character_set_client = @saved_cs_client */;

--
-- Dumping data for table `config`
--

LOCK TABLES `config` WRITE;
/*!40000 ALTER TABLE `config` DISABLE KEYS */;
INSERT INTO `config` VALUES ('basic_title','abcde測試','2021-09-10 09:22:23','2021-09-10 14:47:46'),('basic_phone','123111','2021-09-10 09:22:23','2021-09-10 09:37:45'),('basic_address','123','2021-09-10 09:22:23','2021-09-10 09:33:11'),('basic_email','123','2021-09-10 09:22:24','2021-09-10 09:33:11'),('basic_facebook','123123','2021-09-10 09:22:24','2021-09-10 09:33:11'),('basic_line','12312332','2021-09-10 09:22:24','2021-09-10 09:33:11'),('seo_keyword','11123','2021-09-10 09:22:53','2021-09-10 09:22:58'),('seo_description','12345','2021-09-10 09:22:53','2021-09-10 14:41:26'),('sms_account','aaa@aaa.com','2021-09-10 14:40:25','2021-09-10 14:40:48'),('sms_password','1234qwer123','2021-09-10 14:40:25','2021-09-10 14:46:37');
/*!40000 ALTER TABLE `config` ENABLE KEYS */;
UNLOCK TABLES;

--
-- Table structure for table `failed_jobs`
--

DROP TABLE IF EXISTS `failed_jobs`;
/*!40101 SET @saved_cs_client     = @@character_set_client */;
/*!40101 SET character_set_client = utf8 */;
CREATE TABLE `failed_jobs` (
  `id` bigint(20) unsigned NOT NULL AUTO_INCREMENT,
  `uuid` varchar(255) COLLATE utf8mb4_unicode_ci NOT NULL,
  `connection` text COLLATE utf8mb4_unicode_ci NOT NULL,
  `queue` text COLLATE utf8mb4_unicode_ci NOT NULL,
  `payload` longtext COLLATE utf8mb4_unicode_ci NOT NULL,
  `exception` longtext COLLATE utf8mb4_unicode_ci NOT NULL,
  `failed_at` timestamp NOT NULL DEFAULT CURRENT_TIMESTAMP,
  PRIMARY KEY (`id`),
  UNIQUE KEY `failed_jobs_uuid_unique` (`uuid`)
) ENGINE=InnoDB DEFAULT CHARSET=utf8mb4 COLLATE=utf8mb4_unicode_ci;
/*!40101 SET character_set_client = @saved_cs_client */;

--
-- Dumping data for table `failed_jobs`
--

LOCK TABLES `failed_jobs` WRITE;
/*!40000 ALTER TABLE `failed_jobs` DISABLE KEYS */;
/*!40000 ALTER TABLE `failed_jobs` ENABLE KEYS */;
UNLOCK TABLES;

--
-- Table structure for table `migrations`
--

DROP TABLE IF EXISTS `migrations`;
/*!40101 SET @saved_cs_client     = @@character_set_client */;
/*!40101 SET character_set_client = utf8 */;
CREATE TABLE `migrations` (
  `id` int(10) unsigned NOT NULL AUTO_INCREMENT,
  `migration` varchar(255) COLLATE utf8mb4_unicode_ci NOT NULL,
  `batch` int(11) NOT NULL,
  PRIMARY KEY (`id`)
) ENGINE=InnoDB AUTO_INCREMENT=80 DEFAULT CHARSET=utf8mb4 COLLATE=utf8mb4_unicode_ci;
/*!40101 SET character_set_client = @saved_cs_client */;

--
-- Dumping data for table `migrations`
--

LOCK TABLES `migrations` WRITE;
/*!40000 ALTER TABLE `migrations` DISABLE KEYS */;
INSERT INTO `migrations` VALUES (59,'2014_10_12_000000_create_users_table',1),(60,'2014_10_12_100000_create_password_resets_table',1),(61,'2016_06_01_000001_create_oauth_auth_codes_table',1),(62,'2016_06_01_000002_create_oauth_access_tokens_table',1),(63,'2016_06_01_000003_create_oauth_refresh_tokens_table',1),(64,'2016_06_01_000004_create_oauth_clients_table',1),(65,'2016_06_01_000005_create_oauth_personal_access_clients_table',1),(66,'2019_08_19_000000_create_failed_jobs_table',1),(67,'2019_12_14_000001_create_personal_access_tokens_table',1),(68,'2021_09_07_130852_create_permission_tables',1),(70,'2021_09_10_161057_create_config_table',2),(78,'2021_09_11_225050_create_news_types_table',3),(79,'2021_09_11_225633_create_news_table',3);
/*!40000 ALTER TABLE `migrations` ENABLE KEYS */;
UNLOCK TABLES;

--
-- Table structure for table `model_has_permissions`
--

DROP TABLE IF EXISTS `model_has_permissions`;
/*!40101 SET @saved_cs_client     = @@character_set_client */;
/*!40101 SET character_set_client = utf8 */;
CREATE TABLE `model_has_permissions` (
  `permission_id` bigint(20) unsigned NOT NULL,
  `model_type` varchar(255) COLLATE utf8mb4_unicode_ci NOT NULL,
  `model_id` bigint(20) unsigned NOT NULL,
  PRIMARY KEY (`permission_id`,`model_id`,`model_type`),
  KEY `model_has_permissions_model_id_model_type_index` (`model_id`,`model_type`),
  CONSTRAINT `model_has_permissions_permission_id_foreign` FOREIGN KEY (`permission_id`) REFERENCES `permissions` (`id`) ON DELETE CASCADE
) ENGINE=InnoDB DEFAULT CHARSET=utf8mb4 COLLATE=utf8mb4_unicode_ci;
/*!40101 SET character_set_client = @saved_cs_client */;

--
-- Dumping data for table `model_has_permissions`
--

LOCK TABLES `model_has_permissions` WRITE;
/*!40000 ALTER TABLE `model_has_permissions` DISABLE KEYS */;
/*!40000 ALTER TABLE `model_has_permissions` ENABLE KEYS */;
UNLOCK TABLES;

--
-- Table structure for table `model_has_roles`
--

DROP TABLE IF EXISTS `model_has_roles`;
/*!40101 SET @saved_cs_client     = @@character_set_client */;
/*!40101 SET character_set_client = utf8 */;
CREATE TABLE `model_has_roles` (
  `role_id` bigint(20) unsigned NOT NULL,
  `model_type` varchar(255) COLLATE utf8mb4_unicode_ci NOT NULL,
  `model_id` bigint(20) unsigned NOT NULL,
  PRIMARY KEY (`role_id`,`model_id`,`model_type`),
  KEY `model_has_roles_model_id_model_type_index` (`model_id`,`model_type`),
  CONSTRAINT `model_has_roles_role_id_foreign` FOREIGN KEY (`role_id`) REFERENCES `roles` (`id`) ON DELETE CASCADE
) ENGINE=InnoDB DEFAULT CHARSET=utf8mb4 COLLATE=utf8mb4_unicode_ci;
/*!40101 SET character_set_client = @saved_cs_client */;

--
-- Dumping data for table `model_has_roles`
--

LOCK TABLES `model_has_roles` WRITE;
/*!40000 ALTER TABLE `model_has_roles` DISABLE KEYS */;
INSERT INTO `model_has_roles` VALUES (1,'App\\Models\\User',1),(2,'App\\Models\\User',2),(2,'App\\Models\\User',5),(2,'App\\Models\\User',6);
/*!40000 ALTER TABLE `model_has_roles` ENABLE KEYS */;
UNLOCK TABLES;

--
-- Table structure for table `news`
--

DROP TABLE IF EXISTS `news`;
/*!40101 SET @saved_cs_client     = @@character_set_client */;
/*!40101 SET character_set_client = utf8 */;
CREATE TABLE `news` (
  `id` bigint(20) unsigned NOT NULL AUTO_INCREMENT,
  `news_types_id` varchar(50) COLLATE utf8mb4_unicode_ci NOT NULL COMMENT '分類ID',
  `title` varchar(50) COLLATE utf8mb4_unicode_ci NOT NULL COMMENT '標題',
  `start_date` datetime NOT NULL COMMENT '發表時間',
  `end_date` datetime NOT NULL COMMENT '截止時間',
  `href` varchar(200) COLLATE utf8mb4_unicode_ci NOT NULL COMMENT '超連結',
  `description` text COLLATE utf8mb4_unicode_ci NOT NULL COMMENT '描述',
  `web_img` varchar(200) COLLATE utf8mb4_unicode_ci NOT NULL COMMENT '電腦版圖片路徑',
  `mobile_img` varchar(200) COLLATE utf8mb4_unicode_ci NOT NULL COMMENT '手機板圖片路徑',
  `target` tinyint(3) unsigned NOT NULL DEFAULT '1' COMMENT '開啟方式(0 => 直接開啟, 1 => 開新視窗)',
  `status` tinyint(3) unsigned NOT NULL DEFAULT '0' COMMENT '設為跑馬燈顯示(0 => 不顯示, 1 => 顯示)',
  `created_at` timestamp NULL DEFAULT NULL,
  `updated_at` timestamp NULL DEFAULT NULL,
  `deleted_at` timestamp NULL DEFAULT NULL,
  PRIMARY KEY (`id`),
  KEY `news_news_types_id_index` (`news_types_id`),
  KEY `news_status_index` (`status`)
) ENGINE=InnoDB DEFAULT CHARSET=utf8mb4 COLLATE=utf8mb4_unicode_ci;
/*!40101 SET character_set_client = @saved_cs_client */;

--
-- Dumping data for table `news`
--

LOCK TABLES `news` WRITE;
/*!40000 ALTER TABLE `news` DISABLE KEYS */;
/*!40000 ALTER TABLE `news` ENABLE KEYS */;
UNLOCK TABLES;

--
-- Table structure for table `news_types`
--

DROP TABLE IF EXISTS `news_types`;
/*!40101 SET @saved_cs_client     = @@character_set_client */;
/*!40101 SET character_set_client = utf8 */;
CREATE TABLE `news_types` (
  `id` bigint(20) unsigned NOT NULL AUTO_INCREMENT,
  `name` varchar(50) COLLATE utf8mb4_unicode_ci NOT NULL COMMENT '分類名稱',
  `created_at` timestamp NULL DEFAULT NULL,
  `updated_at` timestamp NULL DEFAULT NULL,
  `deleted_at` timestamp NULL DEFAULT NULL,
  PRIMARY KEY (`id`)
) ENGINE=InnoDB AUTO_INCREMENT=4 DEFAULT CHARSET=utf8mb4 COLLATE=utf8mb4_unicode_ci;
/*!40101 SET character_set_client = @saved_cs_client */;

--
-- Dumping data for table `news_types`
--

LOCK TABLES `news_types` WRITE;
/*!40000 ALTER TABLE `news_types` DISABLE KEYS */;
INSERT INTO `news_types` VALUES (1,'test1','2021-09-12 13:55:43','2021-09-12 13:55:43',NULL),(2,'test2','2021-09-12 13:55:47','2021-09-12 13:55:47',NULL),(3,'test3','2021-09-12 13:55:52','2021-09-12 13:55:52',NULL);
/*!40000 ALTER TABLE `news_types` ENABLE KEYS */;
UNLOCK TABLES;

--
-- Table structure for table `oauth_access_tokens`
--

DROP TABLE IF EXISTS `oauth_access_tokens`;
/*!40101 SET @saved_cs_client     = @@character_set_client */;
/*!40101 SET character_set_client = utf8 */;
CREATE TABLE `oauth_access_tokens` (
  `id` varchar(100) COLLATE utf8mb4_unicode_ci NOT NULL,
  `user_id` bigint(20) unsigned DEFAULT NULL,
  `client_id` bigint(20) unsigned NOT NULL,
  `name` varchar(255) COLLATE utf8mb4_unicode_ci DEFAULT NULL,
  `scopes` text COLLATE utf8mb4_unicode_ci,
  `revoked` tinyint(1) NOT NULL,
  `created_at` timestamp NULL DEFAULT NULL,
  `updated_at` timestamp NULL DEFAULT NULL,
  `expires_at` datetime DEFAULT NULL,
  PRIMARY KEY (`id`),
  KEY `oauth_access_tokens_user_id_index` (`user_id`)
) ENGINE=InnoDB DEFAULT CHARSET=utf8mb4 COLLATE=utf8mb4_unicode_ci;
/*!40101 SET character_set_client = @saved_cs_client */;

--
-- Dumping data for table `oauth_access_tokens`
--

LOCK TABLES `oauth_access_tokens` WRITE;
/*!40000 ALTER TABLE `oauth_access_tokens` DISABLE KEYS */;
INSERT INTO `oauth_access_tokens` VALUES ('01af7e627d2484d3beed145cf5f5d265c4572efeb5569a87088f8e6325e228d25f5bd749278c9e13',1,1,'web','[]',0,'2021-09-12 15:56:21','2021-09-12 15:56:21','2021-09-13 01:56:21'),('0305e1fd08b58a779f4a19c98532de6d75b3b60698ec01260166125de16186986489994e5add0758',1,1,'web','[]',1,'2021-09-11 15:01:11','2021-09-11 15:01:14','2021-09-12 01:01:11'),('0321e36ab6c54fb5ba96a2f02cae4e0ab991734a5abd58e566067a248e37cd3b4e2acd0cfa0c8a0c',1,1,'web','[]',0,'2021-09-11 15:00:42','2021-09-11 15:00:42','2021-09-12 01:00:42'),('032ca3bc0a5cd947427258b9566399d2d7de734160568f67c70a21c2b10b98ef2900a2cc2866239c',1,1,'web','[]',0,'2021-09-10 14:53:21','2021-09-10 14:53:22','2021-09-11 00:53:22'),('0bb2766900fbcc983f284cb5c56af0ba8da57a29c9d29164eebe499a2aa24f5a9c4b6298803b579c',6,1,'web','[]',1,'2021-09-09 09:34:19','2021-09-09 09:34:48','2021-09-09 19:34:20'),('0e1fe67c16c982de984ea04e6fb3fb5db71b62da2570d47cb87e1dd4cf837f854364aebd9736373f',1,1,'web','[]',1,'2021-09-08 14:39:23','2021-09-08 14:39:51','2021-09-09 00:39:23'),('1ef3a529c346441b368520d7c8a56d3eb0af99c22ec4a1aab45306d3e274ab7bd2a990cf7a295e57',1,1,'web','[]',1,'2021-09-09 09:30:52','2021-09-09 09:34:14','2021-09-09 19:30:53'),('1f1dbda287cac52bc4bcf090942405198e011764c513e15c07db00083938998934753ed34878c9f7',6,1,'web','[]',1,'2021-09-08 14:43:40','2021-09-08 14:44:27','2021-09-09 00:43:40'),('2d0df6d3e9db1c6dcc8546b4886b7d7f7be01460a4e3882c8c050fb2d8db312cb05d3d3714609ea5',1,1,'web','[]',1,'2021-09-11 14:58:24','2021-09-11 15:00:27','2021-09-12 00:58:24'),('2da5f751e49fe494ddfa11ffe684bb2d3fb06d7a69d73fea50334cafb377724542368e5747db8261',1,1,'web','[]',0,'2021-09-12 09:19:16','2021-09-12 09:19:16','2021-09-12 19:19:16'),('37b30a35fbf9812434ac18b1457387c97bd84ec4876cc2edcffb3389f460132e425b7fad08c66d20',6,1,'web','[]',1,'2021-09-08 14:39:57','2021-09-08 14:40:31','2021-09-09 00:39:57'),('3b92b464f479300d53874e3107fd3a6055a336690c23409f394196e6a2065b451038f2e5f1bee457',1,1,'web','[]',0,'2021-09-12 09:19:24','2021-09-12 09:19:24','2021-09-12 19:19:24'),('4ac60479342dd9e1645245b8ee5b2bde235efae0966ace18da06de47939bbf13cf4994201304bcb0',1,1,'web','[]',0,'2021-09-09 08:30:14','2021-09-09 08:30:14','2021-09-09 18:30:14'),('4c2aeca3a8a5da6bf1376c1b10cdb4548bd007d427bcb8a4689507fde5b18f07e3dca0036d62b9ec',1,1,'web','[]',0,'2021-09-09 09:34:54','2021-09-09 09:34:54','2021-09-09 19:34:54'),('5ddc8795c34056297894ab14b18aa58d190e69a55c2c29271b7ad4e3066ab110768d37bcd2834e3e',1,1,'web','[]',1,'2021-09-08 14:44:37','2021-09-08 14:44:52','2021-09-09 00:44:37'),('69be433b8524f1b518032206ff07e60ea58daca5ed453b7508de6ce3a55c89a1880fc49ed59d2698',6,1,'web','[]',1,'2021-09-08 14:44:56','2021-09-08 14:45:19','2021-09-09 00:44:56'),('7da98536470fc357a0e43f1d546c33ba814cc2eb5a2587afaba956feb61fab177685251e4c0749c1',6,1,'web','[]',1,'2021-09-11 14:48:47','2021-09-11 14:48:53','2021-09-12 00:48:48'),('8ebcd7b8da69e5c6c2f416799a8710467ccd7c698f0104020bbad846902e83be2374f644d7c35f57',6,1,'web','[]',1,'2021-09-08 14:42:41','2021-09-08 14:43:34','2021-09-09 00:42:41'),('97d813b904afc01b3c1e590836ce2ed510ecd656eb0e0eec3d6d8628fed4c4c30f7942b848cd79b4',1,1,'web','[]',1,'2021-09-10 08:59:20','2021-09-10 09:37:55','2021-09-10 18:59:20'),('9a1d8a0baf7c75df28abf9cffb3800dc4f63cb2295cb3dda85739a19a022b48fa8420045b20471ad',1,1,'web','[]',1,'2021-09-12 13:55:35','2021-09-12 15:56:15','2021-09-12 23:55:35'),('9e4819025d7a7af3f5b131854c34ce0fc416c45481b8832cb780aac871982a81cd95e9d728983df6',1,1,'web','[]',0,'2021-09-12 04:00:02','2021-09-12 04:00:02','2021-09-12 14:00:02'),('b08dee864330dbbf4867864cbe7381e9698b7b4ea9a013ae3abf5bb8a63c1c73bb9e5818af5158be',1,1,'web','[]',0,'2021-09-10 08:09:42','2021-09-10 08:09:43','2021-09-10 18:09:43'),('b2b592842e45efad7ba5888d54065d0161847062424727aa22727f7dacd53a8024fe2e6b730ee09b',1,1,'web','[]',0,'2021-09-11 15:02:24','2021-09-11 15:02:24','2021-09-12 01:02:24'),('b4fe45aa2a549b5aa157e19913010404457ff1ae8d155060e114edb59f88b593f615b17e3f607f01',1,1,'web','[]',1,'2021-09-08 14:38:46','2021-09-08 14:39:09','2021-09-09 00:38:46'),('b58fc2f69b749a694af01991a5986de3c5bb2ab98c0e2f7592bc5be1add26a789c3d8b5f4aba5f01',1,1,'web','[]',0,'2021-09-11 14:48:59','2021-09-11 14:48:59','2021-09-12 00:48:59'),('bbf9436c6ef92d1e537a9fc7682e6b1ab88e955c72b134163332edfd8e049cd0b3b19ffa6061754b',1,1,'web','[]',0,'2021-09-08 15:19:26','2021-09-08 15:19:26','2021-09-09 01:19:26'),('cca0ceaf7489a52ed8e0b4945e4c1d3455b37e0e7ccde20d49950b118d07708bbb0f24d22424a4a6',1,1,'web','[]',0,'2021-09-12 09:00:10','2021-09-12 09:00:11','2021-09-12 19:00:11'),('e4923f347b850d2a305b2d6e0bafa5e37f4f73caa38a671e1de328b785acc8f4bfa2c8904a3c56af',1,1,'web','[]',0,'2021-09-10 13:04:11','2021-09-10 13:04:12','2021-09-10 23:04:12'),('e6a4fbde8e2d6bd3e2c5635f57a1a950d651e9616eae7dad1fe3bec7cd5a88b2779613b92dd8c3ed',6,1,'web','[]',0,'2021-09-09 09:36:55','2021-09-09 09:36:55','2021-09-09 19:36:55'),('e756a2b679af71c7fcc3f7caa7c56cede7755153d0cbec4758dee65ccacea53c77c072afc9ac4927',2,1,'web','[]',0,'2021-09-08 14:45:25','2021-09-08 14:45:25','2021-09-09 00:45:25'),('faad062e503ade076f64b08786cd6a950ea99ae9539c739358d588b2c0dd60935b0586c2a00050b5',1,1,'web','[]',0,'2021-09-08 14:41:07','2021-09-08 14:41:07','2021-09-09 00:41:07');
/*!40000 ALTER TABLE `oauth_access_tokens` ENABLE KEYS */;
UNLOCK TABLES;

--
-- Table structure for table `oauth_auth_codes`
--

DROP TABLE IF EXISTS `oauth_auth_codes`;
/*!40101 SET @saved_cs_client     = @@character_set_client */;
/*!40101 SET character_set_client = utf8 */;
CREATE TABLE `oauth_auth_codes` (
  `id` varchar(100) COLLATE utf8mb4_unicode_ci NOT NULL,
  `user_id` bigint(20) unsigned NOT NULL,
  `client_id` bigint(20) unsigned NOT NULL,
  `scopes` text COLLATE utf8mb4_unicode_ci,
  `revoked` tinyint(1) NOT NULL,
  `expires_at` datetime DEFAULT NULL,
  PRIMARY KEY (`id`),
  KEY `oauth_auth_codes_user_id_index` (`user_id`)
) ENGINE=InnoDB DEFAULT CHARSET=utf8mb4 COLLATE=utf8mb4_unicode_ci;
/*!40101 SET character_set_client = @saved_cs_client */;

--
-- Dumping data for table `oauth_auth_codes`
--

LOCK TABLES `oauth_auth_codes` WRITE;
/*!40000 ALTER TABLE `oauth_auth_codes` DISABLE KEYS */;
/*!40000 ALTER TABLE `oauth_auth_codes` ENABLE KEYS */;
UNLOCK TABLES;

--
-- Table structure for table `oauth_clients`
--

DROP TABLE IF EXISTS `oauth_clients`;
/*!40101 SET @saved_cs_client     = @@character_set_client */;
/*!40101 SET character_set_client = utf8 */;
CREATE TABLE `oauth_clients` (
  `id` bigint(20) unsigned NOT NULL AUTO_INCREMENT,
  `user_id` bigint(20) unsigned DEFAULT NULL,
  `name` varchar(255) COLLATE utf8mb4_unicode_ci NOT NULL,
  `secret` varchar(100) COLLATE utf8mb4_unicode_ci DEFAULT NULL,
  `provider` varchar(255) COLLATE utf8mb4_unicode_ci DEFAULT NULL,
  `redirect` text COLLATE utf8mb4_unicode_ci NOT NULL,
  `personal_access_client` tinyint(1) NOT NULL,
  `password_client` tinyint(1) NOT NULL,
  `revoked` tinyint(1) NOT NULL,
  `created_at` timestamp NULL DEFAULT NULL,
  `updated_at` timestamp NULL DEFAULT NULL,
  PRIMARY KEY (`id`),
  KEY `oauth_clients_user_id_index` (`user_id`)
) ENGINE=InnoDB AUTO_INCREMENT=3 DEFAULT CHARSET=utf8mb4 COLLATE=utf8mb4_unicode_ci;
/*!40101 SET character_set_client = @saved_cs_client */;

--
-- Dumping data for table `oauth_clients`
--

LOCK TABLES `oauth_clients` WRITE;
/*!40000 ALTER TABLE `oauth_clients` DISABLE KEYS */;
INSERT INTO `oauth_clients` VALUES (1,NULL,'Laravel Personal Access Client','4bOtJNl9pESdDqr2ju0yQL9VbyoLAGXenS4Jn9d6',NULL,'http://localhost',1,0,0,'2021-09-08 14:38:28','2021-09-08 14:38:28'),(2,NULL,'Laravel Password Grant Client','Jef45zd5DyU9BqmaNFK5ZPnBysBfYxxFYyGen5se','users','http://localhost',0,1,0,'2021-09-08 14:38:28','2021-09-08 14:38:28');
/*!40000 ALTER TABLE `oauth_clients` ENABLE KEYS */;
UNLOCK TABLES;

--
-- Table structure for table `oauth_personal_access_clients`
--

DROP TABLE IF EXISTS `oauth_personal_access_clients`;
/*!40101 SET @saved_cs_client     = @@character_set_client */;
/*!40101 SET character_set_client = utf8 */;
CREATE TABLE `oauth_personal_access_clients` (
  `id` bigint(20) unsigned NOT NULL AUTO_INCREMENT,
  `client_id` bigint(20) unsigned NOT NULL,
  `created_at` timestamp NULL DEFAULT NULL,
  `updated_at` timestamp NULL DEFAULT NULL,
  PRIMARY KEY (`id`)
) ENGINE=InnoDB AUTO_INCREMENT=2 DEFAULT CHARSET=utf8mb4 COLLATE=utf8mb4_unicode_ci;
/*!40101 SET character_set_client = @saved_cs_client */;

--
-- Dumping data for table `oauth_personal_access_clients`
--

LOCK TABLES `oauth_personal_access_clients` WRITE;
/*!40000 ALTER TABLE `oauth_personal_access_clients` DISABLE KEYS */;
INSERT INTO `oauth_personal_access_clients` VALUES (1,1,'2021-09-08 14:38:28','2021-09-08 14:38:28');
/*!40000 ALTER TABLE `oauth_personal_access_clients` ENABLE KEYS */;
UNLOCK TABLES;

--
-- Table structure for table `oauth_refresh_tokens`
--

DROP TABLE IF EXISTS `oauth_refresh_tokens`;
/*!40101 SET @saved_cs_client     = @@character_set_client */;
/*!40101 SET character_set_client = utf8 */;
CREATE TABLE `oauth_refresh_tokens` (
  `id` varchar(100) COLLATE utf8mb4_unicode_ci NOT NULL,
  `access_token_id` varchar(100) COLLATE utf8mb4_unicode_ci NOT NULL,
  `revoked` tinyint(1) NOT NULL,
  `expires_at` datetime DEFAULT NULL,
  PRIMARY KEY (`id`),
  KEY `oauth_refresh_tokens_access_token_id_index` (`access_token_id`)
) ENGINE=InnoDB DEFAULT CHARSET=utf8mb4 COLLATE=utf8mb4_unicode_ci;
/*!40101 SET character_set_client = @saved_cs_client */;

--
-- Dumping data for table `oauth_refresh_tokens`
--

LOCK TABLES `oauth_refresh_tokens` WRITE;
/*!40000 ALTER TABLE `oauth_refresh_tokens` DISABLE KEYS */;
/*!40000 ALTER TABLE `oauth_refresh_tokens` ENABLE KEYS */;
UNLOCK TABLES;

--
-- Table structure for table `password_resets`
--

DROP TABLE IF EXISTS `password_resets`;
/*!40101 SET @saved_cs_client     = @@character_set_client */;
/*!40101 SET character_set_client = utf8 */;
CREATE TABLE `password_resets` (
  `email` varchar(255) COLLATE utf8mb4_unicode_ci NOT NULL,
  `token` varchar(255) COLLATE utf8mb4_unicode_ci NOT NULL,
  `created_at` timestamp NULL DEFAULT NULL,
  KEY `password_resets_email_index` (`email`)
) ENGINE=InnoDB DEFAULT CHARSET=utf8mb4 COLLATE=utf8mb4_unicode_ci;
/*!40101 SET character_set_client = @saved_cs_client */;

--
-- Dumping data for table `password_resets`
--

LOCK TABLES `password_resets` WRITE;
/*!40000 ALTER TABLE `password_resets` DISABLE KEYS */;
/*!40000 ALTER TABLE `password_resets` ENABLE KEYS */;
UNLOCK TABLES;

--
-- Table structure for table `permissions`
--

DROP TABLE IF EXISTS `permissions`;
/*!40101 SET @saved_cs_client     = @@character_set_client */;
/*!40101 SET character_set_client = utf8 */;
CREATE TABLE `permissions` (
  `id` bigint(20) unsigned NOT NULL AUTO_INCREMENT,
  `name` varchar(255) COLLATE utf8mb4_unicode_ci NOT NULL,
  `guard_name` varchar(255) COLLATE utf8mb4_unicode_ci NOT NULL,
  `display_name` varchar(255) COLLATE utf8mb4_unicode_ci NOT NULL,
  `created_at` timestamp NULL DEFAULT NULL,
  `updated_at` timestamp NULL DEFAULT NULL,
  PRIMARY KEY (`id`),
  UNIQUE KEY `permissions_name_guard_name_unique` (`name`,`guard_name`)
) ENGINE=InnoDB AUTO_INCREMENT=5 DEFAULT CHARSET=utf8mb4 COLLATE=utf8mb4_unicode_ci;
/*!40101 SET character_set_client = @saved_cs_client */;

--
-- Dumping data for table `permissions`
--

LOCK TABLES `permissions` WRITE;
/*!40000 ALTER TABLE `permissions` DISABLE KEYS */;
INSERT INTO `permissions` VALUES (1,'set_basic','web','基本設定','2021-09-08 13:59:43','2021-09-08 13:59:43'),(2,'set_manager','web','人員管理','2021-09-08 13:59:43','2021-09-08 13:59:43'),(3,'set_message','web','簡訊設定','2021-09-08 13:59:43','2021-09-08 13:59:43'),(4,'news-type','web','最新消息分類','2021-09-10 14:52:43','2021-09-10 14:52:43'),(5,'news','web','最新消息管理','2021-09-10 14:52:43','2021-09-10 14:52:43');
/*!40000 ALTER TABLE `permissions` ENABLE KEYS */;
UNLOCK TABLES;

--
-- Table structure for table `personal_access_tokens`
--

DROP TABLE IF EXISTS `personal_access_tokens`;
/*!40101 SET @saved_cs_client     = @@character_set_client */;
/*!40101 SET character_set_client = utf8 */;
CREATE TABLE `personal_access_tokens` (
  `id` bigint(20) unsigned NOT NULL AUTO_INCREMENT,
  `tokenable_type` varchar(255) COLLATE utf8mb4_unicode_ci NOT NULL,
  `tokenable_id` bigint(20) unsigned NOT NULL,
  `name` varchar(255) COLLATE utf8mb4_unicode_ci NOT NULL,
  `token` varchar(64) COLLATE utf8mb4_unicode_ci NOT NULL,
  `abilities` text COLLATE utf8mb4_unicode_ci,
  `last_used_at` timestamp NULL DEFAULT NULL,
  `created_at` timestamp NULL DEFAULT NULL,
  `updated_at` timestamp NULL DEFAULT NULL,
  PRIMARY KEY (`id`),
  UNIQUE KEY `personal_access_tokens_token_unique` (`token`),
  KEY `personal_access_tokens_tokenable_type_tokenable_id_index` (`tokenable_type`,`tokenable_id`)
) ENGINE=InnoDB DEFAULT CHARSET=utf8mb4 COLLATE=utf8mb4_unicode_ci;
/*!40101 SET character_set_client = @saved_cs_client */;

--
-- Dumping data for table `personal_access_tokens`
--

LOCK TABLES `personal_access_tokens` WRITE;
/*!40000 ALTER TABLE `personal_access_tokens` DISABLE KEYS */;
/*!40000 ALTER TABLE `personal_access_tokens` ENABLE KEYS */;
UNLOCK TABLES;

--
-- Table structure for table `role_has_permissions`
--

DROP TABLE IF EXISTS `role_has_permissions`;
/*!40101 SET @saved_cs_client     = @@character_set_client */;
/*!40101 SET character_set_client = utf8 */;
CREATE TABLE `role_has_permissions` (
  `permission_id` bigint(20) unsigned NOT NULL,
  `role_id` bigint(20) unsigned NOT NULL,
  PRIMARY KEY (`permission_id`,`role_id`),
  KEY `role_has_permissions_role_id_foreign` (`role_id`),
  CONSTRAINT `role_has_permissions_permission_id_foreign` FOREIGN KEY (`permission_id`) REFERENCES `permissions` (`id`) ON DELETE CASCADE,
  CONSTRAINT `role_has_permissions_role_id_foreign` FOREIGN KEY (`role_id`) REFERENCES `roles` (`id`) ON DELETE CASCADE
) ENGINE=InnoDB DEFAULT CHARSET=utf8mb4 COLLATE=utf8mb4_unicode_ci;
/*!40101 SET character_set_client = @saved_cs_client */;

--
-- Dumping data for table `role_has_permissions`
--

LOCK TABLES `role_has_permissions` WRITE;
/*!40000 ALTER TABLE `role_has_permissions` DISABLE KEYS */;
INSERT INTO `role_has_permissions` VALUES (1,1),(2,1),(3,1),(4,1),(5,1),(1,2),(1,3),(2,3),(3,3),(2,4);
/*!40000 ALTER TABLE `role_has_permissions` ENABLE KEYS */;
UNLOCK TABLES;

--
-- Table structure for table `roles`
--

DROP TABLE IF EXISTS `roles`;
/*!40101 SET @saved_cs_client     = @@character_set_client */;
/*!40101 SET character_set_client = utf8 */;
CREATE TABLE `roles` (
  `id` bigint(20) unsigned NOT NULL AUTO_INCREMENT,
  `name` varchar(255) COLLATE utf8mb4_unicode_ci NOT NULL,
  `guard_name` varchar(255) COLLATE utf8mb4_unicode_ci NOT NULL,
  `created_at` timestamp NULL DEFAULT NULL,
  `updated_at` timestamp NULL DEFAULT NULL,
  `deleted_at` timestamp NULL DEFAULT NULL,
  PRIMARY KEY (`id`),
  UNIQUE KEY `roles_name_guard_name_unique` (`name`,`guard_name`)
) ENGINE=InnoDB AUTO_INCREMENT=5 DEFAULT CHARSET=utf8mb4 COLLATE=utf8mb4_unicode_ci;
/*!40101 SET character_set_client = @saved_cs_client */;

--
-- Dumping data for table `roles`
--

LOCK TABLES `roles` WRITE;
/*!40000 ALTER TABLE `roles` DISABLE KEYS */;
INSERT INTO `roles` VALUES (1,'系統管理者','web','2021-09-08 13:59:43','2021-09-08 13:59:43',NULL),(2,'一般使用者','web','2021-09-08 14:05:27','2021-09-08 14:05:27',NULL),(3,'一般使用者11','web','2021-09-09 08:41:24','2021-09-09 08:41:29','2021-09-09 08:41:29'),(4,'店長','web','2021-09-10 14:50:33','2021-09-10 14:50:33',NULL);
/*!40000 ALTER TABLE `roles` ENABLE KEYS */;
UNLOCK TABLES;

--
-- Table structure for table `users`
--

DROP TABLE IF EXISTS `users`;
/*!40101 SET @saved_cs_client     = @@character_set_client */;
/*!40101 SET character_set_client = utf8 */;
CREATE TABLE `users` (
  `id` bigint(20) unsigned NOT NULL AUTO_INCREMENT,
  `account` varchar(50) COLLATE utf8mb4_unicode_ci NOT NULL,
  `name` varchar(30) COLLATE utf8mb4_unicode_ci NOT NULL,
  `email` varchar(100) COLLATE utf8mb4_unicode_ci NOT NULL,
  `email_verified_at` timestamp NULL DEFAULT NULL,
  `password` varchar(255) COLLATE utf8mb4_unicode_ci NOT NULL,
  `remember_token` varchar(100) COLLATE utf8mb4_unicode_ci DEFAULT NULL,
  `active` tinyint(3) unsigned NOT NULL DEFAULT '1' COMMENT '帳號啟用狀態(0 => 停用, 1 => 啟用)',
  `created_at` timestamp NULL DEFAULT NULL,
  `updated_at` timestamp NULL DEFAULT NULL,
  `deleted_at` timestamp NULL DEFAULT NULL,
  PRIMARY KEY (`id`)
) ENGINE=InnoDB AUTO_INCREMENT=7 DEFAULT CHARSET=utf8mb4 COLLATE=utf8mb4_unicode_ci;
/*!40101 SET character_set_client = @saved_cs_client */;

--
-- Dumping data for table `users`
--

LOCK TABLES `users` WRITE;
/*!40000 ALTER TABLE `users` DISABLE KEYS */;
INSERT INTO `users` VALUES (1,'admin','系統管理者','josh.chiang@aibitechcology.com',NULL,'$2y$10$/pIg1LYjJCTolGwgHza2.O/J2MACa2Yd8AqueLtG9DzTYaWcz6vRO',NULL,1,'2021-09-08 13:59:52','2021-09-08 13:59:52',NULL),(2,'test1','test1','aaa@aaa.com',NULL,'$2y$10$83Rel.ea3MyahV4OuoFGJuunwTvH1YyQuNimZspWFkorvE1K/4BVq',NULL,1,'2021-09-08 14:04:59','2021-09-08 14:45:13',NULL),(3,'test2','test2','bbb@bbb.com',NULL,'$2y$10$VH7h9Bvu52BcAj3z5quk1.sImM2Zy9mC7Qg1ukzhUCDtCmKNNwhWG',NULL,1,'2021-09-08 14:34:04','2021-09-08 14:34:17','2021-09-08 14:34:17'),(4,'test2','test2','bbb@bbb.com',NULL,'$2y$10$Dn2SWNjnaTbPt9jRRncXp.3alz/FknLaTk.I7eK44Yj999kCbjQB6',NULL,1,'2021-09-08 14:34:32','2021-09-08 14:35:06','2021-09-08 14:35:06'),(5,'test2','test2','bbb@bbb.com',NULL,'$2y$10$l4Kbkj9TevlRJVP2ZEvl5emS9DWHgfd4Tolwnvwz/91jgL2oCuo1i',NULL,1,'2021-09-08 14:36:03','2021-09-08 14:36:03',NULL),(6,'josh','josh','ccc@ccc.com',NULL,'$2y$10$lEx2lCxPisasqN1HdhQ0MemdbBAEw0DISa5T6pZ9NLQmzE2mpwRAG',NULL,1,'2021-09-08 14:39:46','2021-09-08 14:44:49',NULL);
/*!40000 ALTER TABLE `users` ENABLE KEYS */;
UNLOCK TABLES;

--
-- Dumping routines for database 'seafood'
--
/*!40103 SET TIME_ZONE=@OLD_TIME_ZONE */;

/*!40101 SET SQL_MODE=@OLD_SQL_MODE */;
/*!40014 SET FOREIGN_KEY_CHECKS=@OLD_FOREIGN_KEY_CHECKS */;
/*!40014 SET UNIQUE_CHECKS=@OLD_UNIQUE_CHECKS */;
/*!40101 SET CHARACTER_SET_CLIENT=@OLD_CHARACTER_SET_CLIENT */;
/*!40101 SET CHARACTER_SET_RESULTS=@OLD_CHARACTER_SET_RESULTS */;
/*!40101 SET COLLATION_CONNECTION=@OLD_COLLATION_CONNECTION */;
/*!40111 SET SQL_NOTES=@OLD_SQL_NOTES */;

-- Dump completed on 2021-09-13  0:26:39
